{
  "id": "potato-or-not",
  "title": "Potato Or Not V2",
  "description": "An extended version of FantasyCalender's Potato Or Not module. This module adds additional settings to reduce the graphics quality of Dice-So-Nice",
  "version": "1.2.0",
  "authors": [
    {
      "name": "Wasp",
      "discord": "Wasp#2005",
      "url": "https://github.com/Haxxer"
    },
    {
      "name": "ModernCannabist",
      "discord": "ModernCannabist#8321",
      "url": "https://github.com/Abourass"
    }
  ],
  "minimumCoreVersion": "10",
  "compatibility": {
    "minimum": 10,
    "maximum": 10,
    "verified": "10.291"
  },
  "esmodules": [
    "scripts/main.js"
  ],
  "styles": [
    "styles/styles.css"
  ],
  "languages": [
    {
      "lang": "en",
      "name": "English",
      "path": "languages/en.json"
    },
    {
      "lang": "fr-FR",
      "name": "Français (France)",
      "path": "languages/fr-FR.json"
    },
    {
      "lang": "pt-BR",
      "name": "Português (Brasil)",
      "path": "languages/pt-BR.json"
    },
    {
      "lang": "es",
      "name": "Español",
      "path": "languages/es.json"
    },
    {
      "lang": "zh-TW",
      "name": "正體中文",
      "path": "languages/zh-TW.json"
    },
    {
      "lang": "ja",
      "name": "日本語",
      "path": "languages/ja.json"
    }
  ],
  "url": "https://github.com/Abourass/FoundryVTT-PotatoOrNot",
  "manifest": "https://raw.githubusercontent.com/Abourass/FoundryVTT-PotatoOrNot/main/module.json",
  "download": "https://raw.githubusercontent.com/Abourass/FoundryVTT-PotatoOrNot/main/potatoOrNot.zip",
  "readme": "https://github.com/Abourass/FoundryVTT-PotatoOrNo/blob/master/README.md",
  "bugs": "https://github.com/Abourass/FoundryVTT-PotatoOrNo/issues",
  "allowBugReporter": true
}