{
  "id": "potato-or-not",
  "title": "Potato Or Not V2",
  "description": "Is your computer a potato or not? If so, this mod will prompt you that you might want to turn down your graphics.",
  "version": "1.0.0",
  "authors": [
    {
      "name": "Wasp",
      "discord": "Wasp#2005",
      "url": "https://github.com/Haxxer"
    },
    {
      "name": "ModernCannabist",
      "discord": "ModernCannabist#8321",
      "url": "https://github.com/Abourass"
    }
  ],
  "compatibility": {
    "minimum": 10,
    "verified": "10.291"
  },
  "esmodules": [
    "scripts/main.js"
  ],
  "languages": [
    {
      "lang": "en",
      "name": "English",
      "path": "languages/en.json"
    },
    {
      "lang": "fr-FR",
      "name": "Français (France)",
      "path": "languages/fr-FR.json"
    },
    {
      "lang": "pt-BR",
      "name": "Português (Brasil)",
      "path": "languages/pt-BR.json"
    },
    {
      "lang": "es",
      "name": "Español",
      "path": "languages/es.json"
    },
    {
      "lang": "zh-TW",
      "name": "正體中文",
      "path": "languages/zh-TW.json"
    },
    {
      "lang": "ja",
      "name": "日本語",
      "path": "languages/ja.json"
    }
  ],
  "url": "https://github.com/Abourass/FoundryVTT-PotatoOrNot",
  "manifest": "https://raw.githubusercontent.com/Abourass/FoundryVTT-PotatoOrNot/main/module.json",
  "download": "https://github.com/Abourass/FoundryVTT-PotatoOrNot/main/potatoOrNot.zip"
}